Name,Rank
Brandon Aubrey,1
Justin Tucker,2
Cairo Santos,3
Jason Myers,4
Matt Gay,5
Jake Elliott,6
Harrison Butker,7
Cameron Dicker,8
Blake Grupe,9
Dustin Hopkins,10
Brandon McManus,11
Jason Sanders,12
Greg Zuerlein,13
Evan McPherson,14
Younghoe Koo,15
Chase McLaughlin,16
Tyler Bass,17
Chris Boswell,18
Nick Folk,19
Jake Moody,20
Matt Prater,21
Wil Lutz,22
Anders Carlson,23
Daniel Carlson,24
Greg Joseph,25
Ka'imi Fairbairn,26
Eddy Pineiro,27
Joey Slye,28
Riley Patterson,29
Chad Ryland,30
Brett Maher,31
Lucas Havrisik,32
Graham Gano,33
Matt Ammendola,34
Randy Bullock,35
Michael Badgley,36
Mason Crosby,37
Austin Seibert,38
Matthew Wright,39
Tanner Brown,40
Jack Podlesny,41
James Turner,42
Valentino Ambrosio,43
Jude McAtamney,44
Vincent Blanchard,45
Noah Rauschenberg,46
Spencer Shrader,47
Alex McNulty,48
Camden Lewis,49
Harrison Mevis,50
Jack Browning,51
Brayden Narveson,52
Joshua Karty,53
Cam Little,54
Charlie Smyth,55
Will Reichard,56
John Parker Romo,57
Cade York,58
Steven Weatherford,59
Zac Derr,60
Ricky Schmit,61
Piotr Czech,62
Jason Reda,63
Garrett Rivas,64
Carlos Martinez,65
Andrew Wellock,66
Parker Douglass,67
Mark Hickok,68
MacKenzie Hoambrecker,69
Andrew Jacas,70
Connor Hughes,71
Garrett Lindholm,72
Kai Forbath,73
Saverio Rocca,74
Colton Theaker,75
